Data, H, |I|, Out_Acc, In_Acc, Sol_Time, MIP_Gap, Obj_Val, Obj_Bound, Model, Lambda, Tuning_Used, Calibration_Time, Rand_State, Time_Limit, Num_CB, User_Cuts, Total_CB_Time, MIP_Node_Time, MIP_Sol_Time, Max_Features, Single_Feature_Use, Regularization
soybean_small,5,35,1.0,1.0,0.005742073059082031,0.0,35.0,35.0,BendersOCT,True,0.0,31.743292750000002,138,3600,2,0,0.005072832107543945
soybean_small,5,35,0.9166666666666666,1.0,0.17697381973266602,0.0,35.0,35.0,FlowOCT,True,0.0,26.986491959,138,3600
monk1,5,93,1.0,1.0,0.0076541900634765625,0.0,93.0,93.0,BendersOCT,True,0.0,47.439375000000005,138,3600,2,0,0.007344961166381836
soybean_small,5,35,1.0,1.0,0.00569605827331543,0.0,35.0,35.0,BendersOCT,True,0.0,31.756612541999996,138,3600,2,0,0.005025625228881836
soybean_small,5,35,0.9166666666666666,1.0,0.21816086769104004,0.0,35.0,35.0,FlowOCT,True,0.0,27.225397541,138,3600
soybean_small,5,35,0.4166666666666667,0.2571428571428571,0.06679606437683105,0.0,35.0,35.0,MCF1,True,0.0,1.5128910410000032,138,3600,0,0,0,0,0,None,None,None
soybean_small,5,35,0.4166666666666667,0.2,0.0006928443908691406,0.0,35.0,35.0,CUT1,True,0.0,1.5317317500000058,138,3600,0,0,0,0,0,None,None,None
